lat,lng,RegionName
37.851107,-82.023349,"Mount Gay, WV"
43.646214,-72.309898,"Lebanon, NH"
37.239749,-96.995592,"Winfield, KS"
43.425740867404365,-89.94966132387638,"Baraboo, WI"
28.470482357471877,-96.6163394454285,"Port Lavaca, TX"
34.45946862079533,-85.80782906371954,"Fort Payne, AL"
46.43389140027983,-87.64043700654217,"Marquette, MI"
40.829072730974346,-85.4882209173434,"Huntington, IN"
40.41128283381288,-88.86205369616187,"Bloomington, IL"
32.30365281629213,-100.40602082591526,"Sweetwater, TX"
31.207649262765866,-97.78823073246977,"Killeen, TX"
40.22621594507459,-88.29761995031556,"Champaign, IL"
32.14017913261773,-82.40791559793244,"Vidalia, GA"
40.771292306606924,-77.06840690728573,"Selinsgrove, PA"
38.38186730617468,-87.04043979917634,"Jasper, IN"
36.83532654684022,-94.81011909082673,"Miami, OK"
38.99186228804445,-92.30723574592804,"Columbia, MO"
39.207448651209845,-85.89558180788903,"Columbus, IN"
30.2149849829974,-96.40946245525416,"Brenham, TX"
33.14875072118022,-95.56351138620222,"Sulphur Springs, TX"
42.99881041017452,-85.48844277836226,"Grand Rapids, MI"
40.85541380082888,-84.59111700409092,"Van Wert, OH"
34.25103751139722,-97.28552485440106,"Ardmore, OK"
40.771803076613466,-82.53799609841498,"Mansfield, OH"
41.67487073930271,-82.82178262754427,"Port Clinton, OH"
37.19113093355277,-95.29849678833601,"Parsons, KS"
38.998711313179506,-96.7577178022792,"Junction City, KS"
40.41570540853342,-75.92457766504175,"Reading, PA"
37.65896829070415,-92.58884930431101,"Lebanon, MO"
33.21230701170825,-93.22642792543563,"Magnolia, AR"
42.35129217389305,-89.66259799832086,"Freeport, IL"
39.234090179579326,-86.67677814769995,"Bloomington, IN"
37.76228589387802,-89.18982724797992,"Carbondale, IL"
35.206140178722585,-96.94923008331251,"Shawnee, OK"
41.59761169058054,-85.85875694989767,"Elkhart, IN"
41.23408599054258,-100.77701892973629,"North Platte, NE"
41.05934057613904,-75.34031025037544,"East Stroudsburg, PA"
34.13020302865632,-86.86888037451709,"Cullman, AL"
34.58781740640223,-99.41138784198066,"Altus, OK"
44.28871978279849,-88.37140192940527,"Appleton, WI"
31.174818491005087,-90.66090823745053,"McComb, MS"
38.594719345469244,-83.82151043489867,"Maysville, KY"
43.02244215102666,-83.70589709216853,"Flint, MI"
44.3543375988542,-93.29658715160821,"Faribault, MN"
44.85087346138824,-88.74865112559986,"Shawano, WI"
35.60536161319089,-84.93076643098497,"Dayton, TN"
32.86698258241568,-85.79833052701873,"Alexander City, AL"
37.50675523488169,-94.85245777771746,"Pittsburg, KS"
38.959175983128716,-97.65102204836101,"Salina, KS"
37.1046613139646,-84.57629079223356,"Somerset, KY"
32.74613807561954,-100.9162663710071,"Snyder, TX"
31.868988774966297,-102.54294284517199,"Odessa, TX"
32.753109845773295,-98.31319000748567,"Mineral Wells, TX"
41.81304977860929,-79.26969577148462,"Warren, PA"
39.871404113399514,-77.21610346992492,"Gettysburg, PA"
35.45798776639686,-86.76420987960458,"Lewisburg, TN"
35.84006574407569,-101.35466431772777,"Borger, TX"
27.492939385437438,-81.80956574415619,"Wauchula, FL"
46.982997571364905,-118.56017344847986,"Othello, WA"
40.76940965304961,-86.04525047816404,"Peru, IN"
41.123513110063016,-83.1278320867685,"Tiffin, OH"
43.29123859462292,-86.15176712031656,"Muskegon, MI"
35.20383864371965,-82.7963842257862,"Brevard, NC"
43.51637313704756,-71.41684234793169,"Laconia, NH"
41.644238675301665,-85.00101093600364,"Angola, IN"
39.56021306299357,-83.45620160454665,"Washington Court House, OH"
33.59564294323068,-96.1075108269019,"Bonham, TX"
29.173180969035947,-81.22050707476632,"Deltona, FL"
36.07722295222477,-80.34602535537711,"Winston, NC"
40.84704239226268,-85.79328271784891,"Wabash, IN"
38.74719601413899,-93.80691167870309,"Warrensburg, MO"
44.945627989816145,-91.89624809774931,"Menomonie, WI"
37.28632032165822,-107.84290143896249,"Durango, CO"
38.91458711552997,-99.31751550598,"Hays, KS"
42.42853482773101,-94.17987388993136,"Fort Dodge, IA"
36.68533491552051,-79.8759948942733,"Martinsville, VA"
31.81534745292319,-95.65354822552331,"Palestine, TX"
40.30096165837762,-81.91729018355574,"Coshocton, OH"
40.54043046427386,-84.62912741918763,"Celina, OH"
41.89475155520743,-84.06603726805751,"Adrian, MI"
32.61348406406758,-105.74176041801633,"Alamogordo, NM"
34.00267074034773,-85.1867778060517,"Cedartown, GA"
47.672822575843384,-116.70208723860554,"Coeur d'Alene, ID"
35.74242707035785,-91.57001640887307,"Batesville, AR"
33.16577280207762,-87.72207666360781,"Tuscaloosa, AL"
39.307126577661165,-85.50087166255017,"Greensburg, IN"
40.47289134610139,-90.20862356647193,"Canton, IL"
39.8606491330259,-88.96342505259047,"Decatur, IL"
43.6743462107047,-95.75329576461847,"Worthington, MN"
41.35719988554097,-89.17470134485495,"Ottawa, IL"
41.89981632726904,-90.53275096148509,"Clinton, IA"
43.673855825344816,-93.34884421865519,"Albert Lea, MN"
41.54366008120977,-86.74072188230272,"Michigan City, IN"
32.76895712125094,-113.90666743173631,"Yuma, AZ"
42.71373460666029,-84.60750067899436,"Lansing, MI"
33.50087622422152,-90.1058582247866,"Greenwood, MS"
18.005132463215887,-66.25799535939305,"Coco, PR"
35.00417718604447,-79.7449100878625,"Rockingham, NC"
40.73491704779115,-99.03152172974512,"Kearney, NE"
40.09313619321123,-105.35467667576428,"Boulder, CO"
34.18977491943131,-82.30270456441859,"Greenwood, SC"
34.63331565805727,-83.53094677138867,"Cornelia, GA"
35.216752008401144,-87.39787695188329,"Lawrenceburg, TN"
39.96575964020696,-81.9436327460206,"Zanesville, OH"
46.80851182026135,-102.65763263282321,"Dickinson, ND"
29.277659231998317,-96.22319248239627,"El Campo, TX"
31.125678903144696,-87.15918693673137,"Atmore, AL"
41.954473970673774,-86.41313080416975,"Niles, MI"
43.44476340436541,-73.65031937349067,"Glens Falls, NY"
43.72099677267574,-87.9457928352724,"Sheboygan, WI"
43.377877252725185,-95.15102060155182,"Spirit Lake, IA"
38.91286200447176,-119.61713332961942,"Gardnerville Ranchos, NV"
44.47558711018516,-89.5015296535515,"Stevens Point, WI"
40.7049733788787,-76.21507850248722,"Pottsville, PA"
31.92289564655159,-83.76811842702368,"Cordele, GA"
31.879346836527123,-109.75160884498861,"Sierra Vista, AZ"
41.3344510103682,-93.09934783239241,"Pella, IA"
41.137469890528344,-87.86205333808664,"Kankakee, IL"
42.6715161578651,-89.0714789965631,"Janesville, WI"
42.95392799898999,-84.14585902461828,"Owosso, MI"
41.33521502497396,-92.64083906712135,"Oskaloosa, IA"
38.885036362196004,-95.2925121010336,"Lawrence, KS"
27.220165105851414,-80.45011658415663,"Port St. Lucie, FL"
32.47167456281684,-104.30535266935918,"Carlsbad, NM"
41.70860331789125,-80.74830217691881,"Ashtabula, OH"
42.59509207351303,-76.07048931345551,"Cortland, NY"
36.08559572818015,-93.16386434237165,"Harrison, AR"
37.69200114082789,-99.88825297869995,"Dodge City, KS"
33.42491684722683,-88.8790513217217,"Starkville, MS"
35.40114178405278,-81.92112098731282,"Forest City, NC"
44.97788118998972,-97.1882767670103,"Watertown, SD"
38.76618159413572,-76.10882560970072,"Easton, MD"
44.89792533069279,-89.75863384016607,"Wausau, WI"
46.29590236206721,-96.78560429427094,"Wahpeton, ND"
45.58483908771088,-94.47211357293932,"St. Cloud, MN"
32.44977460892245,-99.71755371507504,"Abilene, TX"
35.26862448892281,-99.68128022523018,"Elk City, OK"
35.952717206535986,-84.99840585085171,"Crossville, TN"
42.035868370017624,-92.99908189944014,"Marshalltown, IA"
31.77430356456974,-98.99907113180585,"Brownwood, TX"
43.415766615349405,-88.70928177868963,"Beaver Dam, WI"
41.367960581692834,-82.6290452056247,"Sandusky, OH"
36.62093410756285,-88.27315930463446,"Murray, KY"
42.163105291862806,-76.02563600853811,"Binghamton, NY"
31.323233252356765,-103.69038960487335,"Pecos, TX"
40.61116938695691,-77.6107073840827,"Lewistown, PA"
38.76989900430667,-79.87919614765731,"Elkins, WV"
31.76095873669971,-83.22145359010625,"Fitzgerald, GA"
41.356241257766555,-83.13787199638801,"Fremont, OH"
43.00226010054302,-78.19135193152931,"Batavia, NY"
42.138910559208746,-76.76388049978566,"Elmira, NY"
42.22769209866018,-79.36691762613171,"Jamestown, NY"
41.75509713073645,-89.9155605801341,"Sterling, IL"
40.12581572346816,-89.36638783907357,"Lincoln, IL"
36.74777635477091,-101.48897647835744,"Guymon, OK"
46.81587887014654,-116.71136984404028,"Moscow, ID"
34.4719769779815,-85.34535662378352,"Summerville, GA"
39.86334440290339,-85.01044989249824,"Richmond, IN"
44.155255650339875,-94.13493477720256,"Mankato, MN"
40.33110236089267,-111.16914186936418,"Heber, UT"
44.02240351310224,-93.22627088268706,"Owatonna, MN"
40.39830216854107,-82.42027562998776,"Mount Vernon, OH"
35.83769241656111,-101.89302811911725,"Dumas, TX"
37.95230263251467,-98.08607291711272,"Hutchinson, KS"
42.578537124621946,-96.3721756180224,"Sioux City, IA"
39.07210986296301,-84.42702359846058,"Cincinnati, OH"
41.148184955774845,-81.34968698729682,"Akron, OH"
36.043478505999914,-84.13914891496151,"Knoxville, TN"
41.00545235305934,-85.21644322293047,"Fort Wayne, IN"
35.18912834624509,-80.86567878785223,"Charlotte, NC"
43.77839135828706,-91.31967952488026,"La Crosse, WI"
46.577564758435415,-122.39257687597889,"Centralia, WA"
38.4557615640978,-96.15275714902438,"Emporia, KS"
45.15260590157419,-95.0058644575411,"Willmar, MN"
40.38996525365356,-83.76784340604392,"Bellefontaine, OH"
40.04034822765975,-86.89335023525409,"Crawfordsville, IN"
27.186778930273796,-81.80941373380176,"Arcadia, FL"
42.91261713760631,-76.55731592167184,"Auburn, NY"
38.63956091290999,-92.09105846336796,"Jefferson City, MO"
36.71380786194807,-95.90514103999641,"Bartlesville, OK"
39.915922583373764,-83.78498251675,"Springfield, OH"
32.089653250665656,-101.99106857110235,"Midland, TX"
44.4132786467482,-95.838061028829,"Marshall, MN"
35.33553364398223,-81.55204485857179,"Shelby, NC"
36.7229250539234,-88.65143314929279,"Mayfield, KY"
26.474117268239482,-97.61535847874069,"Raymondville, TX"
42.2531050036005,-83.83853203938332,"Ann Arbor, MI"
32.816861912275236,-91.80421613683079,"Bastrop, LA"
43.2926560543998,-84.60505416106197,"Alma, MI"
31.188105878004595,-83.76779459901037,"Moultrie, GA"
42.24633833784933,-85.00493569483731,"Battle Creek, MI"
39.41485807939019,-83.80852285569007,"Wilmington, OH"
41.685760815538885,-93.05567785302055,"Newton, IA"
39.509845423256856,-80.24244658913575,"Fairmont, WV"
34.490314482096565,-87.10087852952766,"Decatur, AL"
43.082471820315206,-95.15096481198141,"Spencer, IA"
37.55862499140968,-120.99707216574285,"Modesto, CA"
31.52508997844627,-110.84790882167036,"Nogales, AZ"
37.81214171295678,-90.47598685432209,"Farmington, MO"
40.93148779370358,-90.21330340194551,"Galesburg, IL"
37.05580290517896,-122.00665243298116,"Santa Cruz, CA"
41.684477086399255,-80.10760591858413,"Meadville, PA"
40.03904562733111,-76.24770128167795,"Lancaster, PA"
26.901310017947196,-81.92949120918514,"Punta Gorda, FL"
42.44945764559585,-76.47229843065283,"Ithaca, NY"
31.45743864153463,-83.52361190467595,"Tifton, GA"
32.304686329085435,-102.63765482909949,"Andrews, TX"
39.92100890248995,-76.73040130692789,"York, PA"
40.45674722499662,-90.6777554116872,"Macomb, IL"
41.809386017023556,-78.56478358048427,"Bradford, PA"
34.72607366501529,-77.4290817936915,"Jacksonville, NC"
43.67429718060491,-94.55099907986737,"Fairmont, MN"
36.42316318169704,-99.26283044786844,"Woodward, OK"
43.640609758280554,-84.84664923425134,"Mount Pleasant, MI"
41.287818299130244,-110.54757824527397,"Evanston, WY"
44.16647469646867,-70.2038062723681,"Lewiston, ME"
42.036172069419045,-94.86032705469096,"Carroll, IA"
38.39184858442234,-97.64769868954731,"McPherson, KS"
43.17779454857991,-88.17222571277325,"Milwaukee, WI"
43.67477394876495,-97.96598458133302,"Mitchell, SD"
35.86631386252185,-106.3134984714598,"Los Alamos, NM"
44.41464383854999,-98.27858469493857,"Huron, SD"
42.36655489626709,-123.5561937750019,"Grants Pass, OR"
34.474497527461125,-77.89756854681004,"Wilmington, NC"
29.35739637451955,-99.76229172329772,"Uvalde, TX"
45.33737523073094,-89.73411272802683,"Merrill, WI"
42.591470366405595,-85.89102866451427,"Holland, MI"
34.04567266036327,-86.04051873361765,"Gadsden, AL"
40.81990093925166,-96.87077126223161,"Lincoln, NE"
43.499381319572834,-96.98910268636814,"Sioux Falls, SD"
34.07044900573401,-101.82681138878637,"Plainview, TX"
35.248820951914546,-101.91042205743138,"Amarillo, TX"
33.458813732969595,-81.98424289353831,"Augusta, GA"
31.817838521373623,-89.14381315980631,"Laurel, MS"
35.99239406331478,-79.09934112606935,"Durham, NC"
41.37549314792754,-81.68393091006735,"Cleveland, OH"
37.12147118575922,-80.53454806046615,"Blacksburg, VA"
35.048884739722624,-85.35906965216986,"Chattanooga, TN"
33.77566588678639,-98.49056481284072,"Wichita Falls, TX"
30.017757817442345,-93.25768408386848,"Lake Charles, LA"
35.19084161090239,-94.56569393321317,"Fort Smith, AR"
31.31097776126488,-81.63118125204255,"Brunswick, GA"
30.30565996504369,-94.0681947715803,"Beaumont, TX"
45.03477666249394,-83.62212411179414,"Alpena, MI"
55.574450075856085,-130.9755609767627,"Ketchikan, AK"
35.42950443646074,-97.5049379702055,"Oklahoma City, OK"
39.58105743555013,-118.3394607187292,"Fallon, NV"
43.017386008569574,-116.14244843411636,"Boise City, ID"
34.04613431718551,-93.17484712973815,"Arkadelphia, AR"
26.39418216813112,-98.18299696302621,"McAllen, TX"
39.34126968503338,-96.50982959394022,"Manhattan, KS"
37.96971915049313,-87.57725779281813,"Evansville, IN"
33.62744998028441,-96.67753460759798,"Sherman, TX"
41.28980743281535,-95.99965634586626,"Omaha, NE"
42.43201125746046,-122.72893089718153,"Medford, OR"
31.254573465755215,-94.60901487103342,"Lufkin, TX"
37.85157988677138,-78.57355083989852,"Charlottesville, VA"
35.598836523459084,-82.68369504810941,"Asheville, NC"
41.18899810919903,-71.57395010920956,"Providence, RI"
38.02644017966631,-119.95250926178994,"Sonora, CA"
33.2133971944292,-94.96797272945098,"Mount Pleasant, TX"
39.15509044971137,-119.74802188094075,"Carson City, NV"
33.57364614878444,-92.70580917577813,"Camden, AR"
36.30337451059479,-78.65184241334006,"Oxford, NC"
37.62503177506133,-97.39811440286218,"Wichita, KS"
46.256001933194284,-118.24870008193446,"Walla Walla, WA"
42.41375116825841,-113.60909877452256,"Burley, ID"
38.26949024521422,-81.48966268979277,"Charleston, WV"
39.41928480773636,-88.23034190547769,"Charleston, IL"
41.397618505141445,-90.46707345008396,"Davenport, IA"
47.835402307566525,-96.84259063221887,"Grand Forks, ND"
43.7816458192989,-72.16195480079334,"Claremont, NH"
34.47315952307369,-119.07863691215124,"Oxnard, CA"
34.50487351097537,-84.87296252544952,"Calhoun, GA"
27.34254617689687,-81.34071956645961,"Sebring, FL"
33.185477867199424,-112.07023650527523,"Phoenix, AZ"
41.49873316655357,-83.77725700354699,"Toledo, OH"
28.84804314718566,-82.47614748261121,"Homosassa Springs, FL"
43.2037400586855,-93.26108043095459,"Mason City, IA"
33.47386518146212,-88.44191530456325,"Columbus, MS"
18.055200636189728,-67.06604610993269,"San Germán, PR"
37.36415744422077,-93.17545538146273,"Springfield, MO"
36.19582040804017,-94.12162247850559,"Fayetteville, AR"
32.879206712952104,-84.30024825852212,"Thomaston, GA"
46.295526527969216,-84.54353448984683,"Sault Ste. Marie, MI"
34.35687874421591,-89.4849096100213,"Oxford, MS"
41.914417670211265,-85.52797979437844,"Sturgis, MI"
44.3591944083786,-103.79294276845334,"Spearfish, SD"
40.65241040732337,-79.08963284884786,"Indiana, PA"
32.549359879601646,-94.36934071091235,"Marshall, TX"
35.39977150258853,-110.32189825680587,"Show Low, AZ"
32.8591794564455,-83.7147800841429,"Macon, GA"
35.03675377434578,-78.98138336098829,"Fayetteville, NC"
41.43252652787692,-112.81559850376776,"Ogden, UT"
43.91780450373829,-110.64803710884708,"Jackson, WY"
36.11040879189856,-83.38422508191586,"Morristown, TN"
38.40214114290214,-108.26390223078442,"Montrose, CO"
62.23574705908824,-149.54549628375202,"Anchorage, AK"
39.97379113207857,-80.84176780221226,"Wheeling, WV"
39.52628234787544,-79.802645485199,"Morgantown, WV"
36.6972413843963,-93.2246876314802,"Branson, MO"
39.967524510214595,-82.8366871769368,"Columbus, OH"
34.89329410283943,-76.54120135172668,"Morehead City, NC"
30.770909348198696,-89.58677275062097,"Picayune, MS"
33.79696941120353,-90.87372120820662,"Cleveland, MS"
30.00669040976843,-92.0590714894981,"Lafayette, LA"
46.26754451187799,-116.94368081615829,"Lewiston, ID"
40.139234266270826,-83.76875241854188,"Urbana, OH"
29.892051770487935,-89.92442816986056,"New Orleans, LA"
37.56747558283829,-84.28904991789877,"Richmond, KY"
34.15085933932116,-79.80795951824378,"Florence, SC"
58.11793110637358,-134.6185522439573,"Juneau, AK"
39.69351161112097,-90.28876716649354,"Jacksonville, IL"
39.8301409806117,-89.69706313284058,"Springfield, IL"
35.12200201481217,-106.47214284008207,"Albuquerque, NM"
34.32207822912503,-83.81896935582849,"Gainesville, GA"
47.973735268119434,-94.93732138731019,"Bemidji, MN"
18.058302004325522,-66.68361628173486,"Ponce, PR"
38.454135215121816,-76.02752426014479,"Cambridge, MD"
28.74291950440887,-100.31576865003987,"Eagle Pass, TX"
32.097133402900546,-111.7890033042506,"Tucson, AZ"
34.91131525165916,-107.9988760202977,"Grants, NM"
27.107398566378023,-97.67680962427731,"Kingsville, TX"
36.23103602902211,-81.70033724174134,"Boone, NC"
44.042009587775674,-75.94653457428852,"Watertown, NY"
44.74530904644493,-73.67875351529251,"Plattsburgh, NY"
39.82973274255931,-84.14264696433703,"Dayton, OH"
41.65943896209048,-108.88278821174823,"Rock Springs, WY"
33.17476381088973,-86.20556726888182,"Talladega, AL"
36.71462475713781,-90.40421163159853,"Poplar Bluff, MO"
44.77530535173627,-88.07736285035925,"Green Bay, WI"
40.262798098644545,-103.80933017922906,"Fort Morgan, CO"
47.14003704888718,-123.78205671698841,"Aberdeen, WA"
35.05122251432655,-81.61828621906531,"Gaffney, SC"
28.819557457552737,-96.01230293897189,"Bay City, TX"
46.19074721479161,-122.6782231087253,"Longview, WA"
33.701215580667764,-93.5028416186833,"Hope, AR"
37.73415399361374,-85.97190365248518,"Elizabethtown, KY"
42.67002715637753,-112.22333110337583,"Pocatello, ID"
40.76932373139863,-80.78094576039352,"Salem, OH"
26.561500592476484,-98.73892357657547,"Rio Grande City, TX"
33.964724583171986,-96.25903472409088,"Durant, OK"
40.72496369554745,-103.11081703428351,"Sterling, CO"
44.068869222456094,-88.64477095762015,"Oshkosh, WI"
38.299800569202084,-88.92400250072805,"Mount Vernon, IL"
47.30797024439643,-111.34679219413526,"Great Falls, MT"
28.727890288712477,-97.19622931699024,"Victoria, TX"
45.309154946290214,-118.00689794617658,"La Grande, OR"
41.323125379138006,-75.89451221347731,"Scranton, PA"
38.78576239416537,-85.43633382971198,"Madison, IN"
32.52895386774624,-82.85054636914307,"Dublin, GA"
47.55952348013833,-121.87980045429029,"Seattle, WA"
35.838834291930986,-111.77071784166407,"Flagstaff, AZ"
40.89188291498598,-88.55784751651152,"Pontiac, IL"
42.9662717238977,-77.50832105608619,"Rochester, NY"
31.620171245256174,-94.61803993983663,"Nacogdoches, TX"
37.24772383720178,-81.36378394003304,"Bluefield, WV"
48.29996016670349,-116.60179323835634,"Sandpoint, ID"
24.9862419084082,-80.63934597572417,"Key West, FL"
48.34522353182697,-103.4793386781163,"Williston, ND"
40.919762345029625,-115.53415846108021,"Elko, NV"
32.490195445161454,-93.66831036098215,"Shreveport, LA"
42.90965193516143,-78.73641442587417,"Buffalo, NY"
32.39577406233641,-81.74811421405653,"Statesboro, GA"
37.28003524744571,-113.50469802790612,"St. George, UT"
37.518262647378705,-84.73288121574377,"Danville, KY"
43.07963387178797,-89.59243762189786,"Madison, WI"
46.408469285457244,-95.70835254803137,"Fergus Falls, MN"
34.265563187356655,-88.68514599896858,"Tupelo, MS"
32.32688100951136,-87.10866709891765,"Selma, AL"
46.79719315819584,-94.24166636630642,"Brainerd, MN"
35.706254767762594,-77.91797800174125,"Wilson, NC"
31.513249866111817,-105.54228342869824,"El Paso, TX"
37.13887572944062,-88.66540449570786,"Paducah, KY"
42.961801476533246,-106.79788502396957,"Casper, WY"
40.51587228102195,-85.65468701539882,"Marion, IN"
34.55151201407278,-83.2940531521928,"Toccoa, GA"
42.03621212545703,-93.46499004753205,"Ames, IA"
43.67142873734916,-92.75234549393953,"Austin, MN"
18.009152781959344,-66.08612011968161,"Guayama, PR"
34.835617405402104,-81.84618462012331,"Spartanburg, SC"
44.40759555109716,-69.76738543562293,"Augusta, ME"
39.97172722690672,-79.02699592587457,"Somerset, PA"
40.86688146368292,-110.95358824439599,"Summit Park, UT"
41.74228275475753,-123.89740629566383,"Crescent City, CA"
35.367318530117196,-78.87243571399432,"Dunn, NC"
36.733551739277274,-83.6776667139934,"Middlesborough, KY"
32.04620681158149,-96.47428766322206,"Corsicana, TX"
31.868114363403965,-85.33120725637177,"Eufaula, AL"
33.74526079234865,-105.45861658516046,"Ruidoso, NM"
31.251104059136125,-85.45916220703745,"Dothan, AL"
30.852885477499395,-90.03866652098517,"Bogalusa, LA"
37.82462075127245,-92.20783203260669,"Fort Leonard Wood, MO"
40.289551424384385,-92.5731969441541,"Kirksville, MO"
40.12570934729668,-122.23701708995117,"Red Bluff, CA"
42.94502237561626,-85.07413319020304,"Ionia, MI"
36.418423182266395,-89.16556143352722,"Union City, TN"
31.83725799918622,-95.16559897490667,"Jacksonville, TX"
41.2680989624289,-73.38811710039802,"Bridgeport, CT"
41.24521667824961,-85.86312322367623,"Warsaw, IN"
45.162927807597,-121.16709537458036,"The Dalles, OR"
34.227722990501256,-90.60415045290831,"Clarksdale, MS"
39.3342563433883,-82.04278644453149,"Athens, OH"
34.79869443898867,-84.84805369534529,"Dalton, GA"
35.58007719887713,-108.2622449946938,"Gallup, NM"
43.33433922783609,-84.05131209581842,"Saginaw, MI"
36.510721369168884,-106.6931674240914,"Espanola, NM"
35.704717027676274,-113.75779024699025,"Lake Havasu City, AZ"
34.599339255373174,-112.55385880590194,"Prescott Valley, AZ"
39.667277617022215,-121.600525158334,"Chico, CA"
31.723215840643164,-93.09816515975919,"Natchitoches, LA"
33.36406072355071,-104.46653654723256,"Roswell, NM"
33.03930819775538,-115.36690421063538,"El Centro, CA"
39.64834818053534,-110.58725120393228,"Price, UT"
28.417616678670733,-97.74215592610132,"Beeville, TX"
39.545816213008614,-89.27780481862291,"Taylorville, IL"
41.91600556434608,-85.05929475749143,"Coldwater, MI"
38.79949610949699,-82.17393030587556,"Point Pleasant, WV"
37.85903620232788,-113.2897380936825,"Cedar City, UT"
38.84265963343982,-104.65854121128916,"Colorado Springs, CO"
39.08646627602706,-75.56884913750551,"Dover, DE"
27.693089607682086,-80.60556721157823,"Sebastian, FL"
38.72798918096531,-93.28471705959598,"Sedalia, MO"
45.904849098003034,-86.90807449548132,"Escanaba, MI"
36.05931946488051,-89.41542854620951,"Dyersburg, TN"
18.277471314222183,-66.09766191948802,"San Juan, PR"
40.77285241962428,-84.10802343012278,"Lima, OH"
40.43987030046475,-79.82905068365645,"Pittsburgh, PA"
37.28762095416739,-79.94554494984885,"Roanoke, VA"
36.82433558253503,-76.42772845178415,"Virginia Beach, VA"
45.468615388407414,-87.82877937179786,"Marinette, WI"
42.229348516305905,-72.6446541995365,"Springfield, MA"
36.36880673390952,-78.40670845394374,"Henderson, NC"
33.4344334192096,-79.33202141172893,"Georgetown, SC"
38.84112637167425,-86.4836162897421,"Bedford, IN"
37.80335779134808,-85.4657193030935,"Bardstown, KY"
35.388220293987914,-120.40390284225123,"San Luis Obispo, CA"
36.379133396489706,-97.7826551700161,"Enid, OK"
42.26891439778896,-77.38299239560098,"Corning, NY"
38.83564622636859,-77.47527242343995,"Washington, DC"
41.70273467813051,-87.96198062423504,"Chicago, IL"
33.6936101348266,-84.3991573684317,"Atlanta, GA"
37.03973301501927,-86.40827131002344,"Bowling Green, KY"
42.54916827750193,-71.09606540742928,"Boston, MA"
30.060400063510677,-99.34930144437689,"Kerrville, TX"
28.142195344770116,-82.42076223707737,"Tampa, FL"
30.664855362141694,-86.36490133154936,"Crestview, FL"
18.412561435804125,-66.75587613349512,"Arecibo, PR"
34.262682789887464,-85.21577392133155,"Rome, GA"
44.687687295672106,-73.03088089337906,"Burlington, VT"
41.73222888904245,-72.57539395183417,"Hartford, CT"
45.07350871310688,-86.05029462789844,"Traverse City, MI"
31.58904494327866,-84.17493628977074,"Albany, GA"
43.04183996182809,-108.62968930856975,"Riverton, WY"
38.38020602195227,-82.37547966464379,"Huntington, WV"
40.5132893656209,-86.93158086688322,"Lafayette, IN"
38.4168119740089,-75.47036799887722,"Salisbury, MD"
41.32467367027178,-86.26185087342779,"Plymouth, IN"
43.95565979713897,-92.33836551574538,"Rochester, MN"
41.89246698331294,-111.77032826794427,"Logan, UT"
36.21458854725613,-115.0130241423155,"Las Vegas, NV"
42.789089176258734,-73.93972937930175,"Albany, NY"
45.997128894921964,-123.66071097409137,"Astoria, OR"
35.755560682224576,-78.45941903182931,"Raleigh, NC"
39.06198912381181,-76.03530977238574,"Baltimore, MD"
32.41311270699034,-88.66324491713695,"Meridian, MS"
42.68762984476309,-121.64964609667904,"Klamath Falls, OR"
37.46180303138651,-77.47276918445766,"Richmond, VA"
34.64244496454047,-79.10250529822616,"Lumberton, NC"
35.813909823715086,-81.45592497390318,"Hickory, NC"
44.140400012876434,-111.51490293979815,"Rexburg, ID"
34.807799820939216,-87.72345409515994,"Florence, AL"
36.08910357600148,-86.7271136810916,"Nashville, TN"
46.81580109218112,-112.29932369085518,"Helena, MT"
18.191760184406384,-67.10828075871,"Mayagüez, PR"
36.07695283352535,-96.97584943670277,"Stillwater, OK"
30.64836517717465,-93.34173615832167,"DeRidder, LA"
46.92918950464678,-122.82906558904118,"Olympia, WA"
39.475386926127854,-74.65848483266721,"Atlantic City, NJ"
27.731039377856177,-98.09047050305038,"Alice, TX"
27.001563911339918,-99.16987151534185,"Zapata, TX"
42.58119712541739,-72.58602547041598,"Greenfield Town, MA"
35.672829903911506,-85.77969116990623,"McMinnville, TN"
39.043899417794336,-95.80328238311009,"Topeka, KS"
27.38633620172605,-80.88944346736328,"Okeechobee, FL"
40.76135835264832,-86.34830753380362,"Logansport, IN"
43.32226183732356,-114.19742064201279,"Hailey, ID"
44.50376689280775,-100.37013151791137,"Pierre, SD"
39.62754308332399,-106.6933637103493,"Edwards, CO"
37.699794520578145,-122.01781063581237,"San Francisco, CA"
30.236451662681137,-81.79110010633035,"Jacksonville, FL"
30.404391878530117,-84.28843529693853,"Tallahassee, FL"
40.32778414531952,-77.1007856650279,"Harrisburg, PA"
45.596562300724386,-122.47836183917083,"Portland, OR"
38.0893582715597,-84.43371904136929,"Lexington, KY"
46.72885374849609,-100.98813885800601,"Bismarck, ND"
38.735685684714085,-90.35061309305361,"St. Louis, MO"
30.757264151115706,-96.49100664985815,"College Station, TX"
39.53219148878753,-78.80189163106192,"Cumberland, MD"
34.75830304680012,-92.39675154239801,"Little Rock, AR"
43.15404806280534,-76.03717240381143,"Syracuse, NY"
29.428163957956567,-98.60176321955329,"San Antonio, TX"
33.4744227537347,-94.21471170699289,"Texarkana, TX"
28.434037695594988,-81.36131186748011,"Orlando, FL"
43.69525531974253,-70.4528235021151,"Portland, ME"
33.46828815543343,-101.64477630060796,"Lubbock, TX"
41.03192394327859,-91.94849465507144,"Fairfield, IA"
42.71733967824494,-83.22849722888866,"Detroit, MI"
44.49761790252996,-75.06550039327715,"Ogdensburg, NY"
41.72980577569684,-70.2885433896272,"Barnstable Town, MA"
21.458031657597026,-157.97121818360873,"Urban Honolulu, HI"
33.39438740994277,-118.43541005813965,"Los Angeles, CA"
38.33727609431049,-85.67088304917709,"Louisville, KY"
31.187357265503056,-89.22863264583529,"Hattiesburg, MS"
32.601548831438826,-85.35132245670717,"Auburn, AL"
17.995333680378245,-66.38701310413953,"Santa Isabel, PR"
41.54781701065187,-93.94111848201818,"Des Moines, IA"
26.148108576311575,-80.50266443681728,"Miami, FL"
32.818182882900125,-97.02517047765379,"Dallas, TX"
33.28392041254658,-90.94196236742877,"Greenville, MS"
34.090776695627724,-81.04100712021041,"Columbia, SC"
38.802701628297385,-82.98907344748545,"Portsmouth, OH"
38.162478733987804,-79.12015240158318,"Staunton, VA"
38.78057421213037,-120.9969252305516,"Sacramento, CA"
34.0178820410612,-119.70628147399488,"Santa Maria, CA"
35.00675604082545,-89.81529208429548,"Memphis, TN"
35.51123745820438,-86.45549095874944,"Shelbyville, TN"
37.21425818878432,-87.14632053125507,"Central City, KY"
29.692324191858933,-82.4795801998601,"Gainesville, FL"
33.669817630404296,-95.5740477667543,"Paris, TX"
39.505672389235166,-107.66476406062164,"Glenwood Springs, CO"
32.440091526631996,-84.907991095591,"Columbus, GA"
37.36535384860071,-79.21736608335144,"Lynchburg, VA"
39.43446813513861,-104.89550761604875,"Denver, CO"
38.52746428567954,-122.88625059590859,"Santa Rosa, CA"
31.794374343280857,-81.60241002416439,"Hinesville, GA"
31.33244664987422,-92.54047306124383,"Alexandria, LA"
32.91360079358312,-85.39072749106326,"Valley, AL"
40.61810998619257,-108.20708757745848,"Craig, CO"
35.48531943479136,-76.84325808871532,"Washington, NC"
44.49167305936759,-123.43169867393618,"Corvallis, OR"
36.25019523505673,-96.16624340857162,"Tulsa, OK"
31.532886623031324,-90.45391914538324,"Brookhaven, MS"
36.275353338190094,-85.47111834015014,"Cookeville, TN"
48.317035351082176,-101.20263861107553,"Minot, ND"
33.034845971228734,-116.73653263397203,"San Diego, CA"
38.173591435565996,-104.51274366202334,"Pueblo, CO"
38.56443815276439,-95.28644340514477,"Ottawa, KS"
35.58332824216587,-89.28536624785542,"Brownsville, TN"
32.23602653135553,-98.21773416774158,"Stephenville, TX"
40.85065155738959,-82.9198909892987,"Bucyrus, OH"
41.488964353181494,-72.10430975888652,"Norwich, CT"
40.05026528578669,-81.49248904822802,"Cambridge, OH"
32.37321528170044,-94.82905505550319,"Longview, TX"
44.903013451976136,-122.90114826813617,"Salem, OR"
42.24807034924044,-84.42258681119974,"Jackson, MI"
27.89629398696654,-97.42487495508634,"Corpus Christi, TX"
40.67311305832384,-120.59350989108036,"Susanville, CA"
38.473623257044686,-105.43996670455033,"Canon City, CO"
36.58006021513668,-105.63101975395969,"Taos, NM"
40.788424937302125,-89.51484599800983,"Peoria, IL"
31.138914087726878,-82.36511089441139,"Waycross, GA"
40.69923008506753,-123.87604399345538,"Eureka, CA"
41.774045541858875,-86.13461614144919,"South Bend, IN"
31.10884836708038,-93.18153838252131,"Fort Polk South, LA"
36.28784385203343,-92.33782872300633,"Mountain Home, AR"
33.918265341202776,-80.3794231648841,"Sumter, SC"
33.43910730217231,-80.79886287288664,"Orangeburg, SC"
36.92383718429039,-84.04799935242468,"London, KY"
40.7891141321521,-75.40081585248276,"Allentown, PA"
44.33813105936069,-85.3353430878394,"Cadillac, MI"
34.524360664834774,-98.4349725567873,"Lawton, OK"
42.46815349485678,-90.88181925137718,"Dubuque, IA"
40.02847802588577,-91.38574824618223,"Quincy, IL"
43.33861570905227,-75.18158839991308,"Utica, NY"
40.763914190897836,-122.03968841290713,"Redding, CA"
30.570632993612563,-91.13403385938167,"Baton Rouge, LA"
36.21862404764632,-121.24133972119868,"Salinas, CA"
39.93029016701306,-85.39625719266554,"New Castle, IN"
42.091532793657024,-91.63142504685865,"Cedar Rapids, IA"
40.42162652228604,-77.97673273262282,"Huntingdon, PA"
40.99206277763279,-80.33393706336939,"New Castle, PA"
42.92015988396571,-72.25311042503868,"Keene, NH"
35.60962824776084,-88.85006063585692,"Jackson, TN"
18.334305243099514,-66.95585129495433,"Aguadilla, PR"
41.23255966611428,-77.63785995407073,"Lock Haven, PA"
44.700543191123785,-71.4222068093806,"Berlin, NH"
39.438119100498454,-123.39113127817009,"Ukiah, CA"
34.28629098114971,-81.59935760801275,"Newberry, SC"
35.69860575481183,-90.64795530181922,"Jonesboro, AR"
39.137342879746,-93.20259963949648,"Marshall, MO"
28.701817538232845,-82.0794266994383,"The Villages, FL"
43.753549076649264,-88.48885324915454,"Fond du Lac, WI"
42.374284405110025,-73.20524837729276,"Pittsfield, MA"
43.226775366662174,-117.58778371460379,"Ontario, OR"
34.31709259046436,-92.9539632452962,"Malvern, AR"
32.35275770791388,-106.83293866650692,"Las Cruces, NM"
38.268273533770795,-121.9357113056752,"Vallejo, CA"
39.273535820506396,-78.4695497990726,"Winchester, VA"
32.099080237406476,-84.22948195512397,"Americus, GA"
45.90018933303224,-112.6620091713564,"Butte, MT"
33.94918024910755,-83.2154059824868,"Athens, GA"
32.31748016646696,-90.22148786520107,"Jackson, MS"
37.32393868524425,-89.76867940848068,"Cape Girardeau, MO"
39.28957916753551,-80.43329553902679,"Clarksburg, WV"
41.408032504063364,-72.93620426197175,"New Haven, CT"
39.44007256883332,-92.49713739897629,"Moberly, MO"
43.00924485393429,-97.39467634563061,"Yankton, SD"
40.30319753764487,-86.47277256930987,"Frankfort, IN"
43.9372703534046,-122.84775295780757,"Eugene, OR"
48.29575865629002,-114.05205687201486,"Kalispell, MT"
40.84785433369444,-76.70798221866141,"Sunbury, PA"
35.10329317910066,-77.03029751670569,"New Bern, NC"
40.49527404393225,-78.71377427780492,"Johnstown, PA"
34.72959847646037,-96.6833719856536,"Ada, OK"
35.21336964413652,-93.23251861083897,"Russellville, AR"
30.7277499109679,-87.72207057608028,"Daphne, AL"
36.80982567205634,-79.39758933981332,"Danville, VA"
37.82998890316074,-81.93528571194324,"Logan, WV"
37.909743661267754,-81.15786958667584,"Beckley, WV"
32.21128872083827,-95.85846586777238,"Athens, TX"
39.01914254323943,-82.61818560183286,"Jackson, OH"
32.74255571562175,-101.94772421491527,"Lamesa, TX"
32.40933987055222,-83.63998773519754,"Warner Robins, GA"
48.19373308593959,-117.57103591470926,"Spokane, WA"
48.04754641734273,-123.92263194461472,"Port Angeles, WA"
40.759307307974126,-99.82328578379575,"Lexington, NE"
43.27941273252636,-123.16729099396848,"Roseburg, OR"
40.261868091321716,-96.68946704404173,"Beatrice, NE"
40.47048242568455,-113.00820750823422,"Salt Lake City, UT"
40.44214695293782,-81.4722626209633,"New Philadelphia, OH"
41.51124147727298,-91.64950278954277,"Iowa City, IA"
64.80726246686676,-146.56926615782993,"Fairbanks, AK"
41.8875363883461,-84.59312018766627,"Hillsdale, MI"
43.296629705699694,-71.68115729940197,"Concord, NH"
44.24886082356416,-105.54744041374033,"Gillette, WY"
39.14933745387879,-121.5226285583307,"Yuba City, CA"
34.57421076964451,-103.34688755038903,"Clovis, NM"
47.022860786790304,-88.52927161515133,"Houghton, MI"
31.45958433146926,-91.52420822815674,"Natchez, MS"
39.10124297860749,-122.75362441856542,"Clearlake, CA"
44.273432408263695,-72.61604977898986,"Barre, VT"
41.14651174696685,-82.5986795100134,"Norwalk, OH"
34.13794553105409,-83.5681478770668,"Jefferson, GA"
47.63479025641077,-122.64360612192809,"Bremerton, WA"
47.35007586154485,-123.18636851030236,"Shelton, WA"
33.16887091477757,-92.59746952170292,"El Dorado, AR"
36.271671743658594,-90.09122242893756,"Kennett, MO"
40.96188846086164,-77.05996014351825,"Lewisburg, PA"
41.403234420941146,-79.75845448731828,"Oil City, PA"
39.01777974278899,-119.18704786276741,"Fernley, NV"
34.020974064093544,-103.47994926630935,"Portales, NM"
35.6385380206622,-99.00170784621363,"Weatherford, OK"
40.58610662430495,-83.15736304810984,"Marion, OH"
31.552180904714454,-81.91894878370121,"Jesup, GA"
35.28814273139323,-83.1409338489825,"Cullowhee, NC"
42.901234944521995,-74.44011631820605,"Amsterdam, NY"
42.0416519614841,-89.3218467898501,"Rochelle, IL"
47.819089908166134,-120.26385366133219,"Wenatchee, WA"
29.607797294303676,-81.74230285429269,"Palatka, FL"
37.309390253257035,-87.54670406331678,"Madisonville, KY"
32.931668850714715,-109.88821782622638,"Safford, AZ"
41.30702520515446,-104.68874970140844,"Cheyenne, WY"
35.906927754038904,-94.99980895797265,"Tahlequah, OK"
40.6667159688629,-105.46257841635774,"Fort Collins, CO"
35.7335608666553,-75.8677522831308,"Kill Devil Hills, NC"
40.879203386100926,-92.4098188934435,"Ottumwa, IA"
40.22787246512594,-85.3973277159463,"Muncie, IN"
35.927891395270535,-83.11828724690322,"Newport, TN"
42.747531174965154,-88.0594125396992,"Racine, WI"
31.430371232991668,-85.61095741547842,"Ozark, AL"
46.363356477574385,-119.25496822229775,"Kennewick, WA"
40.18417170639384,-87.73384359401574,"Danville, IL"
35.316478132144425,-80.25093220941028,"Albemarle, NC"
31.548929655371953,-82.85492059532523,"Douglas, GA"
47.33587147258765,-92.40752015297225,"Duluth, MN"
34.752251685527355,-83.06742317248302,"Seneca, SC"
35.59535425701669,-77.37353177738498,"Greenville, NC"
27.95027104919271,-81.69732946767758,"Lakeland, FL"
39.21587700494915,-91.8424268342768,"Mexico, MO"
40.61901876411243,-119.65786896513583,"Reno, NV"
37.9343373230824,-121.27300605374975,"Stockton, CA"
32.12762970734911,-81.29929481486155,"Savannah, GA"
22.057683207851838,-159.52459935067833,"Kapaa, HI"
42.915377854178104,-71.72002529974542,"Manchester, NH"
32.181793405602484,-107.75088263915336,"Deming, NM"
34.96522956978894,-102.60542672645917,"Hereford, TX"
44.36974375493766,-96.79079944806449,"Brookings, SD"
40.87212789409519,-91.06053759001962,"Burlington, IA"
30.225097883859117,-82.62160163780761,"Lake City, FL"
39.303947682029744,-120.76272806629947,"Truckee, CA"
35.939739582030555,-77.79446266056684,"Rocky Mount, NC"
33.77483727169395,-85.82630386048143,"Anniston, AL"
35.36438125361521,-78.00027268178061,"Goldsboro, NC"
40.559988586496026,-84.22421429924675,"Wapakoneta, OH"
38.05268945390417,-83.749687460929,"Mount Sterling, KY"
36.22026557901601,-118.80202031475245,"Visalia, CA"
41.92734150810785,-83.53749863651453,"Monroe, MI"
38.995888832152716,-85.62710783580022,"North Vernon, IN"
33.77036165846316,-89.80245083113672,"Grenada, MS"
41.580717480871606,-96.65598178684372,"Fremont, NE"
29.212271129289043,-82.05803626753871,"Ocala, FL"
32.79215360866638,-103.41237333373735,"Hobbs, NM"
44.79048913166106,-106.88623892512187,"Sheridan, WY"
44.45537896476352,-90.04158336139143,"Wisconsin Rapids, WI"
41.39804622306632,-84.99906934201437,"Auburn, IN"
38.02611178684806,-100.97161836719114,"Garden City, KS"
37.19236567659062,-95.74329257552556,"Coffeyville, KS"
35.78077323354283,-83.52244332405907,"Sevierville, TN"
36.77383886664568,-91.88683934862398,"West Plains, MO"
43.64330770879472,-84.38804373943552,"Midland, MI"
44.59040890776618,-74.29926031613691,"Malone, NY"
35.50708972946091,-105.97747164749899,"Santa Fe, NM"
38.909158196162025,-86.03851888765371,"Seymour, IN"
29.8914923180939,-101.15252045100803,"Del Rio, TX"
32.37474036193939,-95.27175680429808,"Tyler, TX"
47.207537371796796,-119.4500748644147,"Moses Lake, WA"
41.343105393182825,-77.06629983513214,"Williamsport, PA"
37.193246315172594,-100.85072007820634,"Liberal, KS"
30.8639234731752,-83.91847288637442,"Thomasville, GA"
38.128313895893776,-84.93276807235395,"Frankfort, KY"
29.692620974495057,-91.44702163869233,"Morgan City, LA"
36.975390714454726,-85.82531900855824,"Glasgow, KY"
19.60121156720921,-155.5210166904976,"Hilo, HI"
44.24205651753686,-94.7256287389495,"New Ulm, MN"
27.761036904080026,-99.33237355292243,"Laredo, TX"
33.607712564848875,-102.34316758669713,"Levelland, TX"
36.416894891687576,-80.69102282686903,"Mount Airy, NC"
37.23781842062505,-96.83776647369007,"Arkansas City, KS"
36.07409056416317,-119.81599730147431,"Hanford, CA"
42.63492579356857,-75.03151402305338,"Oneonta, NY"
33.03511682325277,-80.04502206106504,"Charleston, SC"
41.23922841687591,-80.56692567757274,"Youngstown, OH"
30.26896765134648,-92.81210003866185,"Jennings, LA"
46.9173722896322,-96.96115178352653,"Fargo, ND"
34.59905576568644,-79.6756115190891,"Bennettsville, SC"
27.348524660228644,-82.32409777087669,"North Port, FL"
34.3697596379677,-86.30486726797963,"Albertville, AL"
26.145242210600554,-97.48140372490866,"Brownsville, TX"
32.686234707424816,-92.28589104242764,"Monroe, LA"
39.83519257254982,-94.78517305085889,"St. Joseph, MO"
41.26192150751508,-71.97372886039702,"New York, NY"
39.89901114332893,-75.30861838604287,"Philadelphia, PA"
42.16127976451522,-103.7377701188493,"Scottsbluff, NE"
32.739112810157,-108.38278448724958,"Silver City, NM"
36.20841349755973,-81.16232895469996,"North Wilkesboro, NC"
40.387503885798495,-80.70350715802196,"Weirton, WV"
33.46385808175169,-86.81398683648713,"Birmingham, AL"
39.6600395410873,-91.56757600349891,"Hannibal, MO"
32.17819774783016,-90.86764936565302,"Vicksburg, MS"
41.3822549266921,-70.63977287173604,"Vineyard Haven, MA"
32.36215190834596,-86.40305714222356,"Montgomery, AL"
18.182114542542454,-66.75444477550239,"Adjuntas, PR"
34.685418528374136,-82.4161607995903,"Greenville, SC"
36.25347562427798,-82.33433266725949,"Johnson City, TN"
39.14020739917874,-81.46223338357646,"Parkersburg, WV"
38.47889676055778,-98.75636725513971,"Great Bend, KS"
34.55085130513187,-116.12885923524011,"Riverside, CA"
32.411968172552434,-80.87536069054283,"Hilton Head Island, SC"
37.6986993036114,-87.07252677629403,"Owensboro, KY"
47.12521213865679,-120.67943897161697,"Ellensburg, WA"
35.42812616245447,-84.61520715094525,"Athens, TN"
35.240325896109105,-77.64245614613422,"Kinston, NC"
35.76271485255534,-90.05194370481865,"Blytheville, AR"
44.93929019708736,-91.28273942822628,"Eau Claire, WI"
30.90459912737969,-95.3665187814719,"Huntsville, TX"
30.92951916400053,-81.66601817644177,"St. Marys, GA"
30.687022803772646,-87.15639976609665,"Pensacola, FL"
43.2167287965246,-112.39784373333015,"Blackfoot, ID"
44.19199221475069,-102.89904590103626,"Rapid City, SD"
34.43268455107281,-90.84800153857124,"Helena, AR"
36.7474777729416,-87.56404324780483,"Clarksville, TN"
35.400818779902565,-100.81292223381114,"Pampa, TX"
36.174701251066,-82.84691272746419,"Greeneville, TN"
33.63979567471472,-97.21240911834018,"Gainesville, TX"
26.584103483785395,-81.88399312750133,"Cape Coral, FL"
40.48596505484016,-106.99055482429054,"Steamboat Springs, CO"
41.99253829290627,-80.03301953577147,"Erie, PA"
33.8019008472378,-110.81327791740475,"Payson, AZ"
34.83862989795443,-79.47579779899117,"Laurinburg, NC"
31.363866160105665,-100.67261999022622,"San Angelo, TX"
30.830005763152315,-83.24203091949556,"Valdosta, GA"
36.7573389906947,-119.64669533543479,"Fresno, CA"
30.499403932819753,-89.02065438736449,"Gulfport, MS"
45.78362642469131,-108.71682029628548,"Billings, MT"
43.02054068051061,-88.77529134225162,"Watertown, WI"
20.793036019751277,-156.337150252332,"Kahului, HI"
35.25688493014511,-91.74908295578764,"Searcy, AR"
39.37199394387295,-75.10712559102156,"Vineland, NJ"
26.11091986206037,-81.34687064769075,"Naples, FL"
33.98842760063258,-78.65038351022541,"Myrtle Beach, SC"
29.438667842933572,-90.64666085602869,"Houma, LA"
39.54851526070304,-77.90646486914211,"Hagerstown, MD"
35.67736231994128,-82.04824250152667,"Marion, NC"
41.65498705144809,-105.72354149190659,"Laramie, WY"
40.12491499181587,-109.51744150905948,"Vernal, UT"
42.2481934787654,-73.63089094653627,"Hudson, NY"
39.929565182165874,-77.7215779078095,"Chambersburg, PA"
39.4569057074807,-81.49121381912454,"Marietta, OH"
43.113639065202484,-74.41798803498781,"Gloversville, NY"
30.879677779058877,-84.57619536273329,"Bainbridge, GA"
28.294095037513756,-80.7309102246706,"Palm Bay, FL"
42.45911324759612,-124.15728202728464,"Brookings, OR"
46.90022522917277,-117.52417625308372,"Pullman, WA"
39.017878876167416,-108.46979902814422,"Grand Junction, CO"
48.48171487994422,-121.7661309522748,"Mount Vernon, WA"
31.399328258462386,-85.98901039044345,"Enterprise, AL"
40.331634938251234,-84.2025818899244,"Sidney, OH"
35.613184609514306,-95.37802952172459,"Muskogee, OK"
39.53185661266914,-95.30870025929117,"Atchison, KS"
33.033491956201786,-85.02812115010688,"LaGrange, GA"
40.36079813193308,-94.88133007606325,"Maryville, MO"
40.74576530101685,-84.93671405853009,"Decatur, IN"
26.553869448796682,-81.16469006379275,"Clewiston, FL"
39.746837549561974,-86.20689853350116,"Indianapolis, IN"
40.52449420184095,-98.50117803571513,"Hastings, NE"
40.82925851754426,-81.88844832732684,"Wooster, OH"
41.572468362930586,-97.52144358517788,"Columbus, NE"
37.877361177126915,-91.79351727223477,"Rolla, MO"
38.649632040708816,-88.91899207829609,"Centralia, IL"
33.601925784851936,-90.58882684258157,"Indianola, MS"
42.53627052427789,-92.46850670338702,"Waterloo, IA"
37.36775620406978,-85.3329931044362,"Campbellsville, KY"
29.770136686764285,-95.36936053891156,"Houston, TX"
30.784723466572515,-88.20842409317349,"Mobile, AL"
42.22347351653906,-71.92366272029417,"Worcester, MA"
37.055880751631356,-89.56474492877935,"Sikeston, MO"
39.39372678080133,-87.3431951271245,"Terre Haute, IN"
43.57723577900718,-73.03741676088154,"Rutland, VT"
44.40849741477883,-92.72341950320181,"Red Wing, MN"
47.51009045016955,-93.63092229188766,"Grand Rapids, MN"
34.78144169403431,-85.99750489357213,"Scottsboro, AL"
30.597242617752286,-92.0013580613131,"Opelousas, LA"
40.71840711365761,-81.25293828822909,"Canton, OH"
45.51872811074629,-121.65520359129121,"Hood River, OR"
45.401945929604985,-68.65020454954114,"Bangor, ME"
40.47961444454895,-78.34917411805864,"Altoona, PA"
48.822279759135974,-121.74900177763097,"Bellingham, WA"
38.30058421779036,-76.60629279761177,"California, MD"
41.793753402765,-73.24514750127585,"Torrington, CT"
42.78081006994876,-76.82497063899633,"Seneca Falls, NY"
37.189223686138284,-120.72090348821155,"Merced, CA"
39.86159956954754,-112.35185987867001,"Provo, UT"
41.483707444639755,-91.1121697002802,"Muscatine, IA"
45.93348490551636,-95.4533546870787,"Alexandria, MN"
44.11946801458146,-87.80928853452389,"Manitowoc, WI"
43.62423060526754,-112.43299747390968,"Idaho Falls, ID"
40.47356893595157,-91.4135349629521,"Fort Madison, IA"
45.524005860245396,-119.06429567039785,"Hermiston, OR"
36.3254265550379,-77.54527526718735,"Roanoke Rapids, NC"
42.24878937773378,-85.78447818628692,"Kalamazoo, MI"
37.05687355664164,-94.33996671981322,"Joplin, MO"
34.88084463467882,-88.57996173361924,"Corinth, MS"
38.93503248699108,-94.44405077320087,"Kansas City, MO"
36.26022816786907,-76.27315745670046,"Elizabeth City, NC"
43.350710102468604,-115.4701577562664,"Mountain Home, ID"
33.200383598089466,-83.08568463615524,"Milledgeville, GA"
34.78397274146212,-86.734939787578,"Huntsville, AL"
43.17406868367693,-124.05945138661293,"Coos Bay, OR"
30.262579836458958,-97.65509066331839,"Austin, TX"
40.13412966466746,-84.61945169709968,"Greenville, OH"
43.99509217597313,-86.2498890236201,"Ludington, MI"
45.5215655194395,-98.69609684033468,"Aberdeen, SD"
46.457384864311464,-120.7380125994377,"Yakima, WA"
48.14713305374961,-122.52164072839376,"Oak Harbor, WA"
38.688615762022835,-87.41946650240789,"Vincennes, IN"
44.64252874022702,-123.869912020868,"Newport, OR"
35.343294250343696,-118.72777962905691,"Bakersfield, CA"
45.94639649514369,-88.07919268439919,"Iron Mountain, MI"
40.554994045763124,-104.39296210666143,"Greeley, CO"
37.21513970630469,-119.7665589310564,"Madera, CA"
36.11735459967997,-90.55832667806901,"Paragould, AR"
41.32398837368299,-84.49076944483588,"Defiance, OH"
35.13738826291356,-84.6645530702516,"Cleveland, TN"
36.29896232241781,-88.71990865362842,"Martin, TN"
34.48556989379415,-97.85141891781991,"Duncan, OK"
40.92058903202673,-77.82200624263865,"State College, PA"
34.07945812010946,-99.24178436797402,"Vernon, TX"
47.03728583388451,-113.92135082437044,"Missoula, MT"
30.62888672717611,-90.40664995754761,"Hammond, LA"
18.215227117037443,-66.58374995744313,"Jayuya, PR"
43.98772282912794,-91.78081304935267,"Winona, MN"
41.04468007863712,-76.45640599890852,"Bloomsburg, PA"
35.02201975489773,-90.74828138254959,"Forrest City, AR"
39.337053912657865,-83.06000913622717,"Chillicothe, OH"
41.890278806810116,-74.26252103931508,"Kingston, NY"
44.14230227262765,-120.35629702103749,"Prineville, OR"
38.507357508677046,-122.33283898635342,"Napa, CA"
40.84772277009444,-82.27280780843078,"Ashland, OH"
35.476231467005796,-79.1756936166813,"Sanford, NC"
41.3967248376922,-85.41966712509108,"Kendallville, IN"
39.63684961948381,-85.17797540731071,"Connersville, IN"
46.97962541026844,-98.95637318071925,"Jamestown, ND"
42.91296146607069,-96.97656917058866,"Vermillion, SD"
42.43544392541105,-114.57089764866329,"Twin Falls, ID"
36.04347010229185,-79.39976137086514,"Burlington, NC"
41.002504869336356,-83.66838947752707,"Findlay, OH"
31.426474695543146,-97.09008268541136,"Waco, TX"
35.48014806854837,-104.8163561551536,"Las Vegas, NM"
35.29801808851155,-86.11427948418061,"Tullahoma, TN"
36.33160906199435,-88.30121796856562,"Paris, TN"
30.318240946242287,-98.94676914735993,"Fredericksburg, TX"
41.406921859644086,-118.11094271518002,"Winnemucca, NV"
39.059357109408914,-88.58969584292113,"Effingham, IL"
41.74583951235152,-89.29977131720565,"Dixon, IL"
35.3088525707814,-79.48474178239307,"Pinehurst, NC"
41.032788416674805,-98.27876039595388,"Grand Island, NE"
42.036570939353396,-93.93139990379059,"Boone, IA"
40.485277312525625,-86.11351892353355,"Kokomo, IN"
36.02581774944882,-79.79128573239676,"Greensboro, NC"
31.803963832502685,-85.9408295001587,"Troy, AL"
36.60712271772794,-82.44437542094232,"Kingsport, TN"
36.508383180097304,-108.3204370047621,"Farmington, NM"
33.65358105303119,-88.7778425496395,"West Point, MS"
42.04359407183481,-97.49006378159899,"Norfolk, NE"
42.33191169949167,-89.04229595617818,"Rockford, IL"
44.823676769658746,-94.27287017215639,"Hutchinson, MN"
32.60031540190057,-92.66597410048166,"Ruston, LA"
36.81799744574545,-97.14421434709129,"Ponca City, OK"
42.6685820181708,-88.54163072992097,"Whitewater, WI"
34.57692074141712,-93.14921603629979,"Hot Springs, AR"
39.150088288438255,-74.80170244268388,"Ocean City, NJ"
38.701860391308685,-87.07185405778188,"Washington, IN"
32.08860015581103,-101.47805917321932,"Big Spring, TX"
30.12806004705906,-85.46362155659494,"Panama City, FL"
37.04140172598199,-82.50274075022826,"Big Stone Gap, VA"
43.70639106291666,-83.98731479179733,"Bay City, MI"
42.867173097407054,-90.70632179890941,"Platteville, WI"
45.06614469891829,-93.34471144879996,"Minneapolis, MN"
40.28047017188603,-74.70479630994163,"Trenton, NJ"
34.07745490393383,-91.94998194905432,"Pine Bluff, AR"
41.00110781695726,-78.47592663471656,"DuBois, PA"
36.91048706765662,-121.37694165554034,"San Jose, CA"
45.54486106419817,-111.16925711338115,"Bozeman, MT"
44.48899493847011,-122.5373154486654,"Albany, OR"
42.735458752516166,-95.15100161714642,"Storm Lake, IA"
38.5084071604063,-78.87266440639183,"Harrisonburg, VA"
34.92065822877906,-95.75134319982021,"McAlester, OK"
43.91570171492498,-121.22891213571916,"Bend, OR"
40.36680310573562,-76.45651840663922,"Lebanon, PA"
39.63803231755079,-106.11507621401574,"Breckenridge, CO"
18.098696593898925,-66.36080053047273,"Coamo, PR"
41.42822061463708,-78.64524743887256,"St. Marys, PA"
43.03519827722818,-73.0904886750896,"Bennington, VT"
41.78869214971548,-76.51570821597375,"Sayre, PA"
42.247782407435786,-78.67923096260326,"Olean, NY"
38.042642560768456,-116.47227020449297,"Pahrump, NV"
43.64064262367323,-85.32463223246104,"Big Rapids, MI"
